"name","label","geometry","site"
0,0,"43.9349 4.3020","ripisylves_gardon"
1,1,"43.9352 4.3010","ripisylves_gardon"
2,2,"43.9354 4.3018","ripisylves_gardon"
3,3,"43.9352 4.3017","ripisylves_gardon"
4,4,"43.9345 4.3001","ripisylves_gardon"
5,5,"43.9341 4.3020","ripisylves_gardon"
6,6,"43.9335 4.3012","ripisylves_gardon"
7,7,"43.9331 4.2976","ripisylves_gardon"
8,8,"43.9333 4.2968","ripisylves_gardon"
9,9,"43.9335 4.2958","ripisylves_gardon"
10,10,"43.9358 4.3048","ripisylves_gardon"
11,11,"43.9352 4.3037","ripisylves_gardon"
12,12,"43.9358 4.3040","ripisylves_gardon"
13,13,"43.9359 4.3037","ripisylves_gardon"
14,14,"43.9358 4.3034","ripisylves_gardon"
15,15,"43.9358 4.3022","ripisylves_gardon"
16,16,"43.9359 4.3025","ripisylves_gardon"
17,17,"43.9363 4.3034","ripisylves_gardon"
18,18,"43.9362 4.3012","ripisylves_gardon"
19,19,"43.9368 4.3014","ripisylves_gardon"
20,20,"43.9359 4.3000","ripisylves_gardon"
21,21,"43.9363 4.2999","ripisylves_gardon"
22,22,"43.9366 4.3004","ripisylves_gardon"
23,23,"43.9805 4.2170","ripisylves_gardon"
24,24,"43.9554 4.2651","ripisylves_gardon"
25,25,"43.9552 4.2663","ripisylves_gardon"
26,26,"43.9530 4.2657","ripisylves_gardon"
27,27,"43.9523 4.2643","ripisylves_gardon"
28,28,"43.9518 4.2663","ripisylves_gardon"
29,29,"43.9550 4.2618","ripisylves_gardon"
30,30,"43.9579 4.2567","ripisylves_gardon"
31,31,"43.9585 4.2542","ripisylves_gardon"
32,32,"43.9541 4.2597","ripisylves_gardon"
33,33,"43.9623 4.2471","ripisylves_gardon"
34,34,"43.9635 4.2489","ripisylves_gardon"
35,35,"43.9633 4.2484","ripisylves_gardon"
36,36,"43.9627 4.2500","ripisylves_gardon"
37,37,"43.9633 4.2492","ripisylves_gardon"
38,38,"43.9590 4.2577","ripisylves_gardon"
39,39,"43.9612 4.2561","ripisylves_gardon"
40,40,"43.9635 4.2514","ripisylves_gardon"
41,41,"43.9641 4.2515","ripisylves_gardon"
42,42,"43.9640 4.2521","ripisylves_gardon"
43,43,"43.9700 4.2427","ripisylves_gardon"
44,44,"43.9696 4.2441","ripisylves_gardon"
45,45,"43.9728 4.2421","ripisylves_gardon"
46,46,"43.9729 4.2421","ripisylves_gardon"
47,47,"43.9730 4.2431","ripisylves_gardon"
48,48,"43.9718 4.2429","ripisylves_gardon"
49,49,"43.9620 4.2477","ripisylves_gardon"
50,50,"43.9652 4.2471","ripisylves_gardon"
51,51,"43.9742 4.2399","ripisylves_gardon"
52,52,"43.9747 4.2383","ripisylves_gardon"
53,53,"43.9752 4.2374","ripisylves_gardon"
54,54,"43.9753 4.2387","ripisylves_gardon"
55,55,"43.9745 4.2392","ripisylves_gardon"
56,56,"43.9687 4.2437","ripisylves_gardon"
57,57,"43.9692 4.2434","ripisylves_gardon"
58,58,"43.9708 4.2431","ripisylves_gardon"
59,59,"43.9716 4.2420","ripisylves_gardon"
60,60,"43.9735 4.2391","ripisylves_gardon"
61,61,"43.9732 4.2405","ripisylves_gardon"
62,62,"43.9735 4.2398","ripisylves_gardon"
63,63,"43.9838 4.2139","ripisylves_gardon"
64,64,"43.9833 4.2149","ripisylves_gardon"
65,65,"43.9826 4.2160","ripisylves_gardon"
66,66,"43.9818 4.2176","ripisylves_gardon"
67,67,"43.9731 4.2388","ripisylves_gardon"
68,68,"43.9721 4.2394","ripisylves_gardon"
69,69,"43.9713 4.2401","ripisylves_gardon"
70,70,"43.9709 4.2412","ripisylves_gardon"
71,71,"43.9711 4.2410","ripisylves_gardon"
72,72,"43.9721 4.2411","ripisylves_gardon"
73,73,"43.9716 4.2411","ripisylves_gardon"
74,74,"43.9721 4.2402","ripisylves_gardon"
75,75,"43.9742 4.2377","ripisylves_gardon"
76,76,"43.9741 4.2369","ripisylves_gardon"
77,77,"43.9745 4.2369","ripisylves_gardon"
78,78,"43.9729 4.2385","ripisylves_gardon"
79,79,"43.9764 4.2293","ripisylves_gardon"
80,80,"43.9770 4.2293","ripisylves_gardon"
81,81,"43.9758 4.2294","ripisylves_gardon"
82,82,"43.9752 4.2341","ripisylves_gardon"
83,83,"43.9790 4.2265","ripisylves_gardon"
84,84,"43.9785 4.2287","ripisylves_gardon"
85,85,"43.9793 4.2252","ripisylves_gardon"
86,86,"43.9796 4.2234","ripisylves_gardon"
87,87,"43.9799 4.2230","ripisylves_gardon"
88,88,"43.9806 4.2219","ripisylves_gardon"
89,89,"43.9372 4.3026","ripisylves_gardon"
90,90,"43.9514 4.2680","ripisylves_gardon"
91,91,"43.9520 4.2699","ripisylves_gardon"
92,92,"43.9537 4.2724","ripisylves_gardon"
93,93,"43.9557 4.2709","ripisylves_gardon"
94,94,"43.9621 4.2538","ripisylves_gardon"
95,95,"43.9589 4.2667","ripisylves_gardon"
96,96,"43.9574 4.2702","ripisylves_gardon"
97,97,"43.9553 4.2646","ripisylves_gardon"
98,98,"43.9559 4.2713","ripisylves_gardon"
99,99,"43.9578 4.2633","ripisylves_gardon"
100,100,"43.9642 4.2539","ripisylves_gardon"
101,101,"43.9663 4.2530","ripisylves_gardon"
102,102,"43.9659 4.2556","ripisylves_gardon"
103,103,"43.9666 4.2558","ripisylves_gardon"
104,104,"43.9613 4.2609","ripisylves_gardon"
105,105,"43.9570 4.2562","ripisylves_gardon"
106,106,"43.9570 4.2557","ripisylves_gardon"
107,107,"43.9797 4.2268","ripisylves_gardon"
108,108,"43.9798 4.2277","ripisylves_gardon"
109,109,"43.9766 4.2348","ripisylves_gardon"
110,110,"43.9779 4.2379","ripisylves_gardon"
111,111,"43.9780 4.2384","ripisylves_gardon"
112,112,"43.9823 4.2227","ripisylves_gardon"
113,113,"43.9825 4.2225","ripisylves_gardon"
114,114,"43.9826 4.2213","ripisylves_gardon"
115,115,"43.9857 4.2221","ripisylves_gardon"
116,116,"43.9896 4.2192","ripisylves_gardon"
117,117,"43.9884 4.2217","ripisylves_gardon"
118,118,"43.9917 4.2175","ripisylves_gardon"
119,119,"44.0066 4.2113","ripisylves_gardon"
120,120,"44.0075 4.2108","ripisylves_gardon"
121,121,"44.0080 4.2118","ripisylves_gardon"
122,122,"44.0077 4.2122","ripisylves_gardon"
123,123,"44.0086 4.2089","ripisylves_gardon"
124,124,"44.0106 4.2044","ripisylves_gardon"
125,125,"44.0119 4.2035","ripisylves_gardon"
126,126,"44.0174 4.1994","ripisylves_gardon"
127,127,"44.0186 4.2104","ripisylves_gardon"
128,128,"44.0184 4.2092","ripisylves_gardon"
129,129,"44.0142 4.2102","ripisylves_gardon"
130,130,"44.0141 4.2105","ripisylves_gardon"
131,131,"44.0174 4.2098","ripisylves_gardon"
132,132,"43.9367 4.2897","ripisylves_gardon"
133,133,"43.9485 4.2728","ripisylves_gardon"
134,134,"43.9496 4.2565","ripisylves_gardon"
135,135,"43.9475 4.2637","ripisylves_gardon"
136,136,"43.9441 4.2660","ripisylves_gardon"
137,137,"43.9469 4.2738","ripisylves_gardon"
138,138,"43.9426 4.2809","ripisylves_gardon"
139,139,"43.9530 4.2551","ripisylves_gardon"
140,140,"43.9636 4.2458","ripisylves_gardon"
141,141,"43.9604 4.2523","ripisylves_gardon"
142,142,"43.9601 4.3315","ripisylves_gardon"
143,143,"43.9598 4.3345","ripisylves_gardon"
144,144,"43.9563 4.3385","ripisylves_gardon"
145,145,"43.9636 4.3396","ripisylves_gardon"
146,146,"43.9542 4.3264","ripisylves_gardon"
147,147,"43.9658 4.3323","ripisylves_gardon"
148,148,"43.9554 4.3267","ripisylves_gardon"
149,149,"43.9509 4.3217","ripisylves_gardon"
150,150,"43.9354 4.3049","ripisylves_gardon"
151,151,"43.9355 4.3045","ripisylves_gardon"
152,152,"43.9361 4.3029","ripisylves_gardon"
153,153,"43.9357 4.3031","ripisylves_gardon"
154,154,"43.9443 4.3089","ripisylves_gardon"
155,155,"43.9385 4.3059","ripisylves_gardon"
156,156,"43.9359 4.3052","ripisylves_gardon"
157,157,"43.9364 4.3037","ripisylves_gardon"
158,158,"43.9415 4.2867","ripisylves_gardon"
159,159,"43.9342 4.2900","ripisylves_gardon"
160,160,"43.9352 4.2906","ripisylves_gardon"
161,161,"43.9360 4.2898","ripisylves_gardon"
162,162,"43.9353 4.2922","ripisylves_gardon"
163,163,"43.9607 4.2378","ripisylves_gardon"
164,164,"43.9617 4.2393","ripisylves_gardon"
165,165,"43.9616 4.2471","ripisylves_gardon"
166,166,"43.9938 4.2188","ripisylves_gardon"
167,167,"43.9935 4.2181","ripisylves_gardon"
168,168,"43.9970 4.2219","ripisylves_gardon"
169,169,"44.0011 4.2371","ripisylves_gardon"
170,170,"43.9718 4.2861","ripisylves_gardon"
171,171,"43.9639 4.2857","ripisylves_gardon"
172,172,"43.9389 4.2916","ripisylves_gardon"
173,173,"43.9378 4.2929","ripisylves_gardon"
174,174,"43.9620 4.2603","ripisylves_gardon"
175,175,"43.9677 4.2476","ripisylves_gardon"
176,176,"43.9635 4.2586","ripisylves_gardon"
177,177,"43.9684 4.2449","ripisylves_gardon"
178,178,"43.9822 4.2130","ripisylves_gardon"
179,179,"43.9825 4.2126","ripisylves_gardon"
180,180,"43.9832 4.2134","ripisylves_gardon"
181,181,"43.9775 4.2163","ripisylves_gardon"
182,182,"43.9776 4.2266","ripisylves_gardon"
183,183,"43.9767 4.2275","ripisylves_gardon"
184,184,"43.9552 4.2870","ripisylves_gardon"
185,185,"43.9554 4.2855","ripisylves_gardon"
186,186,"44.0195 4.2101","ripisylves_gardon"
187,187,"44.0233 4.2201","ripisylves_gardon"
188,188,"44.0231 4.2197","ripisylves_gardon"
189,189,"43.9343 4.3006","ripisylves_gardon"
190,190,"43.9343 4.2945","ripisylves_gardon"
191,191,"43.9374 4.5562","ripisylves_gardon"
192,192,"43.9367 4.5568","ripisylves_gardon"
193,193,"43.9345 4.5578","ripisylves_gardon"
194,194,"43.9304 4.5639","ripisylves_gardon"
195,195,"43.9266 4.5698","ripisylves_gardon"
196,196,"43.9266 4.5757","ripisylves_gardon"
197,197,"43.9264 4.5789","ripisylves_gardon"
198,198,"43.9266 4.5782","ripisylves_gardon"
199,199,"43.9264 4.5796","ripisylves_gardon"
200,200,"43.9249 4.5796","ripisylves_gardon"
201,201,"43.9253 4.5778","ripisylves_gardon"
202,202,"43.9227 4.5794","ripisylves_gardon"
203,203,"43.9259 4.5786","ripisylves_gardon"
204,204,"43.9323 4.5607","ripisylves_gardon"
205,205,"43.9310 4.5615","ripisylves_gardon"
206,206,"43.9300 4.5604","ripisylves_gardon"
207,207,"43.9350 4.5617","ripisylves_gardon"
208,208,"43.9336 4.5636","ripisylves_gardon"
209,209,"43.9347 4.5629","ripisylves_gardon"
210,210,"43.9328 4.5647","ripisylves_gardon"
211,211,"43.9315 4.5660","ripisylves_gardon"
212,212,"43.9321 4.5674","ripisylves_gardon"
213,213,"43.9331 4.5669","ripisylves_gardon"
214,214,"43.9309 4.5653","ripisylves_gardon"
215,215,"43.9284 4.5702","ripisylves_gardon"
216,216,"43.9287 4.5742","ripisylves_gardon"
217,217,"43.9297 4.5668","ripisylves_gardon"
218,218,"43.9313 4.5668","ripisylves_gardon"
219,219,"43.9295 4.5737","ripisylves_gardon"
220,220,"43.9294 4.5753","ripisylves_gardon"
221,221,"43.9287 4.5782","ripisylves_gardon"
222,222,"43.9287 4.5775","ripisylves_gardon"
223,223,"43.9280 4.5790","ripisylves_gardon"
224,224,"43.9299 4.5759","ripisylves_gardon"
225,225,"43.9295 4.5794","ripisylves_gardon"
226,226,"43.9296 4.5805","ripisylves_gardon"
227,227,"43.9295 4.5815","ripisylves_gardon"
228,228,"43.9298 4.5815","ripisylves_gardon"
229,229,"43.9293 4.5831","ripisylves_gardon"
230,230,"43.9288 4.5841","ripisylves_gardon"
231,231,"43.9285 4.5838","ripisylves_gardon"
232,232,"43.9276 4.5829","ripisylves_gardon"
233,233,"43.9275 4.5831","ripisylves_gardon"
234,234,"43.9223 4.5826","ripisylves_gardon"
235,235,"43.9263 4.5868","ripisylves_gardon"
236,236,"43.9264 4.5873","ripisylves_gardon"
237,237,"43.9279 4.5873","ripisylves_gardon"
238,238,"43.9280 4.5856","ripisylves_gardon"
239,239,"43.9296 4.5846","ripisylves_gardon"
240,240,"43.9310 4.5720","ripisylves_gardon"
241,241,"43.9315 4.5766","ripisylves_gardon"
242,242,"43.9317 4.5803","ripisylves_gardon"
243,243,"43.9351 4.5796","ripisylves_gardon"
244,244,"43.9365 4.5770","ripisylves_gardon"
245,245,"43.9303 4.5670","ripisylves_gardon"
246,246,"43.9293 4.5678","ripisylves_gardon"
247,247,"43.9299 4.5691","ripisylves_gardon"
248,248,"43.9206 4.5833","ripisylves_gardon"
249,249,"43.9238 4.5868","ripisylves_gardon"
250,250,"43.9235 4.5879","ripisylves_gardon"
251,251,"43.9224 4.5886","ripisylves_gardon"
252,252,"43.9218 4.5891","ripisylves_gardon"
253,253,"43.9211 4.5908","ripisylves_gardon"
254,254,"43.9202 4.5922","ripisylves_gardon"
255,255,"43.9210 4.5915","ripisylves_gardon"
256,256,"43.9197 4.5813","ripisylves_gardon"
257,257,"43.9182 4.5825","ripisylves_gardon"
258,258,"43.9181 4.5822","ripisylves_gardon"
259,259,"43.9179 4.5820","ripisylves_gardon"
260,260,"43.9173 4.5831","ripisylves_gardon"
261,261,"43.9173 4.5847","ripisylves_gardon"
262,262,"43.9113 4.5881","ripisylves_gardon"
263,263,"43.9121 4.5901","ripisylves_gardon"
264,264,"43.9224 4.5895","ripisylves_gardon"
265,265,"43.9174 4.5881","ripisylves_gardon"
266,266,"43.9014 4.5818","ripisylves_gardon"
267,267,"43.9515 4.5551","ripisylves_gardon"
268,268,"43.9317 4.4155","ripisylves_gardon"
269,269,"43.9409 4.3831","ripisylves_gardon"
270,270,"43.9331 4.3986","ripisylves_gardon"
271,271,"43.9288 4.3642","ripisylves_gardon"
272,272,"43.9386 4.3746","ripisylves_gardon"
273,273,"43.9166 4.3299","ripisylves_gardon"
274,274,"43.9238 4.3419","ripisylves_gardon"
275,275,"43.9328 4.4080","ripisylves_gardon"
276,276,"43.9431 4.5599","ripisylves_gardon"
277,277,"43.9390 4.5552","ripisylves_gardon"
278,278,"43.9520 4.4093","ripisylves_gardon"
279,279,"43.9479 4.5582","ripisylves_gardon"
280,280,"43.9557 4.5227","ripisylves_gardon"
281,281,"43.9508 4.3963","ripisylves_gardon"
282,282,"43.9479 4.3907","ripisylves_gardon"
283,283,"43.9608 4.5150","ripisylves_gardon"
284,284,"43.9616 4.4840","ripisylves_gardon"
285,285,"43.9639 4.4831","ripisylves_gardon"
286,286,"43.9592 4.4837","ripisylves_gardon"
287,287,"43.9479 4.3834","ripisylves_gardon"
288,288,"43.9449 4.3896","ripisylves_gardon"
289,289,"43.9563 4.4841","ripisylves_gardon"
290,290,"43.9434 4.3852","ripisylves_gardon"
291,291,"43.9414 4.3850","ripisylves_gardon"
292,292,"43.9453 4.4684","ripisylves_gardon"
293,293,"43.9501 4.5193","ripisylves_gardon"
294,294,"43.9356 4.3087","ripisylves_gardon"
295,295,"43.9328 4.3130","ripisylves_gardon"
296,296,"43.9293 4.3281","ripisylves_gardon"
297,297,"43.9248 4.3221","ripisylves_gardon"
298,298,"43.9278 4.3286","ripisylves_gardon"
299,299,"43.9302 4.3329","ripisylves_gardon"
300,300,"43.9231 4.3500","ripisylves_gardon"
301,301,"43.9305 4.3609","ripisylves_gardon"
302,302,"43.9335 4.3699","ripisylves_gardon"
303,303,"43.9441 4.3791","ripisylves_gardon"
304,304,"43.9361 4.4181","ripisylves_gardon"
305,305,"43.9384 4.4287","ripisylves_gardon"
306,306,"43.9374 4.4320","ripisylves_gardon"
307,307,"43.9389 4.4381","ripisylves_gardon"
308,308,"43.9379 4.4381","ripisylves_gardon"
309,309,"43.9401 4.4445","ripisylves_gardon"
310,310,"43.9427 4.4607","ripisylves_gardon"
311,311,"43.9494 4.4727","ripisylves_gardon"
312,312,"43.9556 4.4837","ripisylves_gardon"
313,313,"43.9533 4.4918","ripisylves_gardon"
314,314,"43.9525 4.4924","ripisylves_gardon"
315,315,"43.9514 4.5028","ripisylves_gardon"
316,316,"43.9522 4.5089","ripisylves_gardon"
317,317,"43.9538 4.5093","ripisylves_gardon"
318,318,"43.9473 4.5180","ripisylves_gardon"
319,319,"43.9512 4.5372","ripisylves_gardon"
320,320,"43.9512 4.5501","ripisylves_gardon"
321,321,"43.9474 4.5565","ripisylves_gardon"
322,322,"43.9465 4.5307","ripisylves_gardon"
323,323,"43.9510 4.5455","ripisylves_gardon"
324,324,"43.9343 4.3072","ripisylves_gardon"
325,325,"43.9225 4.3307","ripisylves_gardon"
326,326,"43.9239 4.3357","ripisylves_gardon"
327,327,"43.9278 4.3517","ripisylves_gardon"
328,328,"43.9414 4.3759","ripisylves_gardon"
329,329,"43.9375 4.3857","ripisylves_gardon"
330,330,"43.9369 4.4223","ripisylves_gardon"
331,331,"43.9381 4.4291","ripisylves_gardon"
332,332,"43.9516 4.4818","ripisylves_gardon"
333,333,"43.9265 4.3203","ripisylves_gardon"
334,334,"43.9297 4.3224","ripisylves_gardon"
335,335,"43.9434 4.5578","ripisylves_gardon"
336,336,"43.9649 4.4828","ripisylves_gardon"
337,337,"43.9307 4.3246","ripisylves_gardon"
338,338,"43.9830 4.4152","ripisylves_gardon"
339,339,"43.9821 4.4130","ripisylves_gardon"
340,340,"43.9846 4.4121","ripisylves_gardon"
341,341,"43.9845 4.4123","ripisylves_gardon"
342,342,"43.9911 4.4024","ripisylves_gardon"
343,343,"43.9833 4.2121","ripisylves_gardon"
344,344,"43.9808 4.2120","ripisylves_gardon"
345,345,"43.9806 4.2124","ripisylves_gardon"
346,346,"43.9820 4.2113","ripisylves_gardon"
347,347,"43.9829 4.2113","ripisylves_gardon"
348,348,"43.9814 4.2115","ripisylves_gardon"
349,349,"43.9847 4.2173","ripisylves_gardon"
350,350,"43.9846 4.2162","ripisylves_gardon"
351,351,"43.9850 4.2153","ripisylves_gardon"
352,352,"43.9861 4.2175","ripisylves_gardon"
353,353,"43.9857 4.2097","ripisylves_gardon"
354,354,"43.9834 4.2086","ripisylves_gardon"
355,355,"43.9796 4.2119","ripisylves_gardon"
356,356,"43.9789 4.2123","ripisylves_gardon"
357,357,"43.9785 4.2184","ripisylves_gardon"
358,358,"43.9792 4.2161","ripisylves_gardon"
359,359,"43.9968 4.2089","ripisylves_gardon"
360,360,"43.9966 4.1965","ripisylves_gardon"
361,361,"43.9926 4.2094","ripisylves_gardon"
362,362,"43.9914 4.2094","ripisylves_gardon"
363,363,"43.9968 4.1992","ripisylves_gardon"
364,364,"43.9965 4.2008","ripisylves_gardon"
365,365,"43.9971 4.2016","ripisylves_gardon"
366,366,"43.9918 4.2081","ripisylves_gardon"
367,367,"43.9910 4.2129","ripisylves_gardon"
368,368,"43.9915 4.2112","ripisylves_gardon"
369,369,"43.9921 4.2103","ripisylves_gardon"
370,370,"43.9941 4.2093","ripisylves_gardon"
371,371,"43.9915 4.2045","ripisylves_gardon"
372,372,"43.9921 4.2053","ripisylves_gardon"
373,373,"43.9951 4.2014","ripisylves_gardon"
374,374,"43.9860 4.2096","ripisylves_gardon"
375,375,"43.9865 4.2088","ripisylves_gardon"
376,376,"43.9864 4.2074","ripisylves_gardon"
377,377,"43.9870 4.2066","ripisylves_gardon"
378,378,"43.9856 4.2136","ripisylves_gardon"
379,379,"43.9861 4.2107","ripisylves_gardon"
380,380,"43.9868 4.2077","ripisylves_gardon"
381,381,"43.9862 4.2086","ripisylves_gardon"
382,382,"43.9895 4.2083","ripisylves_gardon"
383,383,"43.9918 4.2076","ripisylves_gardon"
384,384,"43.9921 4.2078","ripisylves_gardon"
385,385,"43.9911 4.2064","ripisylves_gardon"
386,386,"43.9921 4.2069","ripisylves_gardon"
387,387,"43.9914 4.2089","ripisylves_gardon"
388,388,"43.9911 4.2087","ripisylves_gardon"
389,389,"43.9933 4.1964","ripisylves_gardon"
390,390,"43.9944 4.1980","ripisylves_gardon"
391,391,"43.9953 4.1960","ripisylves_gardon"
392,392,"43.9959 4.1946","ripisylves_gardon"
393,393,"43.9972 4.1941","ripisylves_gardon"
394,394,"43.9971 4.1913","ripisylves_gardon"
395,395,"43.9957 4.1936","ripisylves_gardon"
396,396,"43.9929 4.1925","ripisylves_gardon"
397,397,"43.9940 4.1978","ripisylves_gardon"
398,398,"43.9939 4.1983","ripisylves_gardon"
399,399,"43.9939 4.2006","ripisylves_gardon"
400,400,"43.9939 4.1996","ripisylves_gardon"
401,401,"43.9926 4.2000","ripisylves_gardon"
402,402,"43.9914 4.2024","ripisylves_gardon"
403,403,"43.9887 4.2052","ripisylves_gardon"
404,404,"43.9896 4.2044","ripisylves_gardon"
405,405,"43.9901 4.2053","ripisylves_gardon"
406,406,"43.9920 4.2031","ripisylves_gardon"
407,407,"43.9916 4.2037","ripisylves_gardon"
408,408,"43.9874 4.2060","ripisylves_gardon"
409,409,"43.9877 4.2037","ripisylves_gardon"
410,410,"43.9888 4.2037","ripisylves_gardon"
411,411,"43.9865 4.2056","ripisylves_gardon"
412,412,"43.9841 4.2087","ripisylves_gardon"
413,413,"43.9845 4.2089","ripisylves_gardon"
414,414,"43.9828 4.2093","ripisylves_gardon"
415,415,"43.9841 4.2102","ripisylves_gardon"
416,416,"43.9845 4.2081","ripisylves_gardon"
417,417,"43.9863 4.2052","ripisylves_gardon"
418,418,"43.9839 4.2082","ripisylves_gardon"
419,419,"43.9855 4.2059","ripisylves_gardon"
420,420,"43.9837 4.2085","ripisylves_gardon"
421,421,"43.9842 4.2076","ripisylves_gardon"
422,422,"43.9840 4.2083","ripisylves_gardon"
423,423,"43.9842 4.2039","ripisylves_gardon"
424,424,"43.9844 4.2048","ripisylves_gardon"
425,425,"43.9836 4.2077","ripisylves_gardon"
426,426,"43.9842 4.2052","ripisylves_gardon"
427,427,"43.9830 4.2073","ripisylves_gardon"
428,428,"43.9820 4.2103","ripisylves_gardon"
429,429,"43.9720 4.2239","ripisylves_gardon"
430,430,"43.9749 4.2329","ripisylves_gardon"
431,431,"43.9760 4.2277","ripisylves_gardon"
432,432,"43.9756 4.2288","ripisylves_gardon"
433,433,"43.9746 4.2330","ripisylves_gardon"
434,434,"43.9878 4.2026","ripisylves_gardon"
435,435,"43.9907 4.2014","ripisylves_gardon"
436,436,"43.9910 4.2002","ripisylves_gardon"
437,437,"43.9894 4.2029","ripisylves_gardon"
438,438,"43.9887 4.2022","ripisylves_gardon"
439,439,"44.0233 4.2043","ripisylves_gardon"
440,440,"44.0263 4.2086","ripisylves_gardon"
441,441,"44.0246 4.2053","ripisylves_gardon"
442,442,"43.9983 4.2089","ripisylves_gardon"
443,443,"43.9986 4.2070","ripisylves_gardon"
444,444,"43.9985 4.2072","ripisylves_gardon"
445,445,"43.9989 4.2080","ripisylves_gardon"
446,446,"43.9981 4.2073","ripisylves_gardon"
447,447,"43.9986 4.2067","ripisylves_gardon"
448,448,"44.0365 4.1906","ripisylves_gardon"
449,449,"44.0348 4.1375","ripisylves_gardon"
450,450,"44.0299 4.1455","ripisylves_gardon"
451,451,"44.0319 4.1468","ripisylves_gardon"
452,452,"44.0326 4.1466","ripisylves_gardon"
453,453,"44.0327 4.1464","ripisylves_gardon"
454,454,"44.0333 4.1460","ripisylves_gardon"
455,455,"44.0316 4.1471","ripisylves_gardon"
456,456,"44.0341 4.1454","ripisylves_gardon"
457,457,"44.0335 4.1458","ripisylves_gardon"
458,458,"44.0336 4.1455","ripisylves_gardon"
459,459,"44.0343 4.1456","ripisylves_gardon"
460,460,"44.0347 4.1448","ripisylves_gardon"
461,461,"44.0301 4.1472","ripisylves_gardon"
462,462,"44.0293 4.1482","ripisylves_gardon"
463,463,"44.0293 4.1480","ripisylves_gardon"
464,464,"44.0314 4.1399","ripisylves_gardon"
465,465,"44.0302 4.1167","ripisylves_gardon"
466,466,"44.0271 4.1472","ripisylves_gardon"
467,467,"44.0269 4.1464","ripisylves_gardon"
468,468,"44.0275 4.1478","ripisylves_gardon"
469,469,"44.0252 4.1466","ripisylves_gardon"
470,470,"44.0184 4.1389","ripisylves_gardon"
471,471,"44.0220 4.1466","ripisylves_gardon"
472,472,"44.0168 4.1423","ripisylves_gardon"
473,473,"44.0128 4.1459","ripisylves_gardon"
474,474,"44.0137 4.1489","ripisylves_gardon"
475,475,"44.0153 4.1507","ripisylves_gardon"
476,476,"44.0156 4.1515","ripisylves_gardon"
477,477,"44.0154 4.1503","ripisylves_gardon"
478,478,"44.0227 4.1409","ripisylves_gardon"
479,479,"44.0262 4.1495","ripisylves_gardon"
480,480,"44.0262 4.1489","ripisylves_gardon"
481,481,"44.0305 4.1506","ripisylves_gardon"
482,482,"44.0308 4.1511","ripisylves_gardon"
483,483,"44.0308 4.1521","ripisylves_gardon"
484,484,"44.0326 4.1485","ripisylves_gardon"
485,485,"44.0327 4.1507","ripisylves_gardon"
486,486,"44.0335 4.1536","ripisylves_gardon"
487,487,"44.0330 4.1515","ripisylves_gardon"
488,488,"44.0355 4.1493","ripisylves_gardon"
489,489,"44.0354 4.1503","ripisylves_gardon"
490,490,"44.0353 4.1535","ripisylves_gardon"
491,491,"44.0402 4.1543","ripisylves_gardon"
492,492,"44.0398 4.1528","ripisylves_gardon"
493,493,"44.0411 4.1532","ripisylves_gardon"
494,494,"44.0153 4.1387","ripisylves_gardon"
495,495,"44.0145 4.1367","ripisylves_gardon"
496,496,"44.0121 4.1446","ripisylves_gardon"
497,497,"44.0080 4.1458","ripisylves_gardon"
498,498,"44.0073 4.1484","ripisylves_gardon"
499,499,"44.0135 4.1538","ripisylves_gardon"
500,500,"44.0131 4.1537","ripisylves_gardon"
501,501,"44.0134 4.1541","ripisylves_gardon"
502,502,"44.0137 4.1560","ripisylves_gardon"
503,503,"44.0086 4.1384","ripisylves_gardon"
504,504,"44.0063 4.1474","ripisylves_gardon"
505,505,"44.0062 4.1465","ripisylves_gardon"
506,506,"44.0062 4.1467","ripisylves_gardon"
507,507,"44.0081 4.1480","ripisylves_gardon"
508,508,"44.0070 4.1489","ripisylves_gardon"
509,509,"44.0071 4.1469","ripisylves_gardon"
510,510,"44.0070 4.1473","ripisylves_gardon"
511,511,"44.0082 4.1478","ripisylves_gardon"
512,512,"44.0067 4.1468","ripisylves_gardon"
513,513,"44.0078 4.1464","ripisylves_gardon"
514,514,"44.0089 4.1414","ripisylves_gardon"
515,515,"44.0084 4.1410","ripisylves_gardon"
516,516,"44.0075 4.1369","ripisylves_gardon"
517,517,"44.0089 4.1427","ripisylves_gardon"
518,518,"44.0097 4.1409","ripisylves_gardon"
519,519,"44.0311 4.1078","ripisylves_gardon"
520,520,"44.0331 4.1285","ripisylves_gardon"
521,521,"44.0321 4.1299","ripisylves_gardon"
522,522,"44.0285 4.1093","ripisylves_gardon"
523,523,"44.0278 4.1071","ripisylves_gardon"
524,524,"44.0287 4.1125","ripisylves_gardon"
525,525,"44.0273 4.1147","ripisylves_gardon"
526,526,"44.0110 4.1480","ripisylves_gardon"
527,527,"44.0126 4.1503","ripisylves_gardon"
528,528,"44.0353 4.1195","ripisylves_gardon"
529,529,"44.0326 4.1118","ripisylves_gardon"
530,530,"44.0378 4.1158","ripisylves_gardon"
531,531,"44.0374 4.1157","ripisylves_gardon"
532,532,"43.8569 4.5889","ripisylves_gardon"
533,533,"43.8597 4.5876","ripisylves_gardon"
534,534,"44.0182 4.1554","ripisylves_gardon"
535,535,"44.0198 4.1054","ripisylves_gardon"
536,536,"44.0199 4.1066","ripisylves_gardon"
537,537,"44.0208 4.1072","ripisylves_gardon"
538,538,"44.0245 4.1113","ripisylves_gardon"
539,539,"44.0252 4.1198","ripisylves_gardon"
540,540,"44.0278 4.1165","ripisylves_gardon"
541,541,"44.0273 4.1172","ripisylves_gardon"
542,542,"44.0297 4.1242","ripisylves_gardon"
543,543,"44.0309 4.1266","ripisylves_gardon"
544,544,"44.0306 4.1293","ripisylves_gardon"
545,545,"44.0311 4.1296","ripisylves_gardon"
546,546,"44.0070 4.1370","ripisylves_gardon"
547,547,"44.0293 4.1524","ripisylves_gardon"
548,548,"44.0172 4.1525","ripisylves_gardon"
549,549,"44.0353 4.1820","ripisylves_gardon"
550,550,"44.0350 4.1832","ripisylves_gardon"
551,551,"44.0349 4.1842","ripisylves_gardon"
552,552,"44.0351 4.1848","ripisylves_gardon"
553,553,"44.0347 4.1810","ripisylves_gardon"
554,554,"44.0337 4.1881","ripisylves_gardon"
555,555,"44.0332 4.1883","ripisylves_gardon"
556,556,"44.0265 4.1954","ripisylves_gardon"
557,557,"44.0281 4.1955","ripisylves_gardon"
558,558,"44.0002 4.2057","ripisylves_gardon"
559,559,"44.0006 4.2028","ripisylves_gardon"
560,560,"44.0024 4.2046","ripisylves_gardon"
561,561,"44.0028 4.2041","ripisylves_gardon"
562,562,"44.0036 4.2023","ripisylves_gardon"
563,563,"44.0043 4.2025","ripisylves_gardon"
564,564,"44.0134 4.1958","ripisylves_gardon"
565,565,"44.0138 4.1947","ripisylves_gardon"
566,566,"44.0152 4.1955","ripisylves_gardon"
567,567,"44.0155 4.1963","ripisylves_gardon"
568,568,"44.0154 4.1958","ripisylves_gardon"
569,569,"44.0192 4.1960","ripisylves_gardon"
570,570,"44.0191 4.1945","ripisylves_gardon"
571,571,"44.0477 4.1563","ripisylves_gardon"
572,572,"43.9321 4.5859","ripisylves_gardon"
573,573,"43.9583 4.2598","ripisylves_gardon"
574,574,"44.0333 4.1167","ripisylves_gardon"
575,575,"44.0328 4.1254","ripisylves_gardon"
576,576,"44.0326 4.1124","ripisylves_gardon"
577,577,"44.0370 4.1303","ripisylves_gardon"
578,578,"44.0367 4.1359","ripisylves_gardon"
579,579,"44.0145 4.1572","ripisylves_gardon"
580,580,"44.0168 4.1562","ripisylves_gardon"
581,581,"44.0216 4.1538","ripisylves_gardon"
582,582,"44.0283 4.1130","ripisylves_gardon"
583,583,"44.0291 4.1128","ripisylves_gardon"
584,584,"44.0307 4.1313","ripisylves_gardon"
585,585,"44.0297 4.1295","ripisylves_gardon"
586,586,"44.0288 4.1297","ripisylves_gardon"
587,587,"44.0279 4.1144","ripisylves_gardon"
588,588,"44.0287 4.1145","ripisylves_gardon"
589,589,"44.0284 4.1161","ripisylves_gardon"
590,590,"44.0285 4.1171","ripisylves_gardon"
591,591,"44.0283 4.1197","ripisylves_gardon"
592,592,"44.0281 4.1224","ripisylves_gardon"
593,593,"44.0272 4.1229","ripisylves_gardon"
594,594,"44.0361 4.1241","ripisylves_gardon"
595,595,"44.0362 4.1270","ripisylves_gardon"
596,596,"44.0240 4.1525","ripisylves_gardon"
597,597,"44.0184 4.1592","ripisylves_gardon"
598,598,"44.0126 4.1613","ripisylves_gardon"
599,599,"44.0173 4.1597","ripisylves_gardon"
600,600,"44.0198 4.1619","ripisylves_gardon"
601,601,"44.0201 4.1614","ripisylves_gardon"
602,602,"44.0203 4.1629","ripisylves_gardon"
603,603,"44.0193 4.1607","ripisylves_gardon"
604,604,"44.0199 4.1627","ripisylves_gardon"
605,605,"44.0206 4.1609","ripisylves_gardon"
606,606,"44.0195 4.1624","ripisylves_gardon"
607,607,"44.0207 4.1618","ripisylves_gardon"
608,608,"44.0214 4.1634","ripisylves_gardon"
609,609,"44.0178 4.1639","ripisylves_gardon"
610,610,"44.0187 4.1606","ripisylves_gardon"
611,611,"44.0175 4.1649","ripisylves_gardon"
612,612,"44.0184 4.1664","ripisylves_gardon"
613,613,"44.0176 4.1659","ripisylves_gardon"
614,614,"44.0175 4.1662","ripisylves_gardon"
615,615,"44.0202 4.1655","ripisylves_gardon"
616,616,"44.0203 4.1681","ripisylves_gardon"
617,617,"44.0172 4.1777","ripisylves_gardon"
618,618,"44.0190 4.1739","ripisylves_gardon"
619,619,"44.0160 4.1788","ripisylves_gardon"
620,620,"44.0156 4.1776","ripisylves_gardon"
621,621,"44.0142 4.1814","ripisylves_gardon"
622,622,"44.0103 4.1850","ripisylves_gardon"
623,623,"44.0083 4.1848","ripisylves_gardon"
624,624,"44.0093 4.1854","ripisylves_gardon"
625,625,"44.0094 4.1847","ripisylves_gardon"
626,626,"44.0083 4.1854","ripisylves_gardon"
627,627,"44.0070 4.1853","ripisylves_gardon"
628,628,"44.0083 4.1860","ripisylves_gardon"
629,629,"44.0067 4.1878","ripisylves_gardon"
630,630,"44.0066 4.1927","ripisylves_gardon"
631,631,"44.0268 4.1941","ripisylves_gardon"
632,632,"44.0349 4.1568","ripisylves_gardon"
633,633,"44.0328 4.1888","ripisylves_gardon"
634,634,"44.0314 4.1937","ripisylves_gardon"
635,635,"44.0352 4.1631","ripisylves_gardon"
636,636,"44.0063 4.1904","ripisylves_gardon"
637,637,"44.0047 4.2014","ripisylves_gardon"
638,638,"44.0036 4.1991","ripisylves_gardon"
639,639,"44.0044 4.2010","ripisylves_gardon"
640,640,"44.0197 4.1913","ripisylves_gardon"
641,641,"44.0147 4.1955","ripisylves_gardon"
642,642,"44.0191 4.1583","ripisylves_gardon"
643,643,"44.0217 4.1627","ripisylves_gardon"
644,644,"44.0224 4.1637","ripisylves_gardon"
645,645,"44.0220 4.1658","ripisylves_gardon"
646,646,"44.0233 4.1654","ripisylves_gardon"
647,647,"44.0234 4.1671","ripisylves_gardon"
648,648,"44.0223 4.1728","ripisylves_gardon"
649,649,"44.0228 4.1705","ripisylves_gardon"
650,650,"44.0229 4.1672","ripisylves_gardon"
651,651,"44.0223 4.1709","ripisylves_gardon"
652,652,"44.0371 4.1399","ripisylves_gardon"
653,653,"44.0364 4.1410","ripisylves_gardon"
654,654,"44.0153 4.1825","ripisylves_gardon"
655,655,"44.0161 4.1818","ripisylves_gardon"
656,656,"44.0168 4.1820","ripisylves_gardon"
657,657,"44.0136 4.1860","ripisylves_gardon"
658,658,"44.0134 4.1840","ripisylves_gardon"
659,659,"44.0110 4.1863","ripisylves_gardon"
660,660,"44.0140 4.1841","ripisylves_gardon"
661,661,"44.0141 4.1835","ripisylves_gardon"
662,662,"44.0150 4.1848","ripisylves_gardon"
663,663,"44.0141 4.1859","ripisylves_gardon"
664,664,"44.0140 4.1845","ripisylves_gardon"
665,665,"44.0140 4.1867","ripisylves_gardon"
666,666,"44.0108 4.1527","ripisylves_gardon"
667,667,"44.0031 4.1872","ripisylves_gardon"
668,668,"44.0099 4.1910","ripisylves_gardon"
669,669,"44.0098 4.1940","ripisylves_gardon"
670,670,"44.0097 4.1949","ripisylves_gardon"
671,671,"44.0091 4.1964","ripisylves_gardon"
672,672,"44.0070 4.1969","ripisylves_gardon"
673,673,"44.0255 4.1639","ripisylves_gardon"
674,674,"44.0296 4.1425","ripisylves_gardon"
675,675,"44.0287 4.1419","ripisylves_gardon"
676,676,"44.0257 4.1420","ripisylves_gardon"
677,677,"44.0271 4.1425","ripisylves_gardon"
678,678,"44.0263 4.1422","ripisylves_gardon"
679,679,"44.0249 4.1304","ripisylves_gardon"
680,680,"44.0244 4.1314","ripisylves_gardon"
681,681,"44.0241 4.1320","ripisylves_gardon"
682,682,"44.0235 4.1293","ripisylves_gardon"
683,683,"44.0192 4.1387","ripisylves_gardon"
684,684,"44.0189 4.1355","ripisylves_gardon"
685,685,"44.0232 4.1381","ripisylves_gardon"
686,686,"44.0235 4.1237","ripisylves_gardon"
687,687,"44.0261 4.1177","ripisylves_gardon"
688,688,"44.0255 4.1161","ripisylves_gardon"
689,689,"44.0246 4.1134","ripisylves_gardon"
690,690,"44.0231 4.1117","ripisylves_gardon"
691,691,"44.0240 4.1128","ripisylves_gardon"
692,692,"44.0241 4.1175","ripisylves_gardon"
693,693,"44.0245 4.1195","ripisylves_gardon"
694,694,"44.0233 4.1129","ripisylves_gardon"
695,695,"44.0220 4.1169","ripisylves_gardon"
696,696,"44.0214 4.1180","ripisylves_gardon"
697,697,"44.0211 4.1194","ripisylves_gardon"
698,698,"44.0218 4.1206","ripisylves_gardon"
699,699,"44.0222 4.1200","ripisylves_gardon"
700,700,"44.0194 4.1135","ripisylves_gardon"
701,701,"44.0196 4.1143","ripisylves_gardon"
702,702,"44.0210 4.1107","ripisylves_gardon"
703,703,"44.0216 4.1129","ripisylves_gardon"
704,704,"44.0222 4.1121","ripisylves_gardon"
705,705,"44.0221 4.1109","ripisylves_gardon"
706,706,"44.0212 4.1085","ripisylves_gardon"
707,707,"44.0181 4.1167","ripisylves_gardon"
708,708,"44.0181 4.1213","ripisylves_gardon"
709,709,"44.0173 4.1209","ripisylves_gardon"
710,710,"44.0176 4.1207","ripisylves_gardon"
711,711,"44.0196 4.1245","ripisylves_gardon"
712,712,"44.0188 4.1253","ripisylves_gardon"
713,713,"44.0187 4.1271","ripisylves_gardon"
714,714,"44.0084 4.1572","ripisylves_gardon"
715,715,"44.0095 4.1493","ripisylves_gardon"
716,716,"44.0065 4.1374","ripisylves_gardon"
717,717,"44.0078 4.1399","ripisylves_gardon"
718,718,"44.0153 4.1787","ripisylves_gardon"
719,719,"44.0140 4.1779","ripisylves_gardon"
720,720,"44.0127 4.1764","ripisylves_gardon"
721,721,"44.0151 4.1746","ripisylves_gardon"
722,722,"44.0110 4.1721","ripisylves_gardon"
723,723,"44.0116 4.1627","ripisylves_gardon"
724,724,"44.0113 4.1618","ripisylves_gardon"
725,725,"44.0144 4.1598","ripisylves_gardon"
726,726,"44.0144 4.1587","ripisylves_gardon"
727,727,"44.0157 4.1586","ripisylves_gardon"
728,728,"44.0164 4.1588","ripisylves_gardon"
729,729,"44.0157 4.1592","ripisylves_gardon"
730,730,"44.0167 4.1581","ripisylves_gardon"
731,731,"44.0159 4.1573","ripisylves_gardon"
732,732,"44.0144 4.1676","ripisylves_gardon"
733,733,"44.0109 4.1637","ripisylves_gardon"
734,734,"44.0108 4.1651","ripisylves_gardon"
735,735,"44.0108 4.1693","ripisylves_gardon"
736,736,"44.0017 4.1905","ripisylves_gardon"
737,737,"44.0016 4.1889","ripisylves_gardon"
738,738,"43.9965 4.1906","ripisylves_gardon"
739,739,"43.9989 4.1887","ripisylves_gardon"
740,740,"43.9994 4.1838","ripisylves_gardon"
741,741,"44.0006 4.1853","ripisylves_gardon"
742,742,"44.0044 4.1699","ripisylves_gardon"
743,743,"43.9748 4.1626","ripisylves_gardon"
744,744,"43.9860 4.1959","ripisylves_gardon"
745,745,"43.9857 4.1965","ripisylves_gardon"
746,746,"44.0247 4.1672","ripisylves_gardon"
747,747,"44.0191 4.1579","ripisylves_gardon"
748,748,"44.0193 4.1580","ripisylves_gardon"
749,749,"44.0246 4.1582","ripisylves_gardon"
750,750,"44.0204 4.1568","ripisylves_gardon"
751,751,"44.0199 4.1536","ripisylves_gardon"
752,752,"44.0212 4.1546","ripisylves_gardon"
753,753,"44.0254 4.1602","ripisylves_gardon"
754,754,"44.0326 4.1609","ripisylves_gardon"
755,755,"44.0270 4.1624","ripisylves_gardon"
756,756,"44.0269 4.1635","ripisylves_gardon"
757,757,"44.0317 4.1879","ripisylves_gardon"
758,758,"44.0280 4.1612","ripisylves_gardon"
759,759,"44.0285 4.1627","ripisylves_gardon"
760,760,"44.0283 4.1620","ripisylves_gardon"
761,761,"44.0235 4.3432","ripisylves_gardon"
762,762,"44.0090 4.1860","ripisylves_gardon"
763,763,"43.9443 4.2911","ripisylves_gardon"
764,764,"44.0212 4.3796","ripisylves_gardon"
765,765,"44.0204 4.3804","ripisylves_gardon"
766,766,"44.0143 4.3833","ripisylves_gardon"
767,767,"44.0232 4.3681","ripisylves_gardon"
768,768,"44.0237 4.3670","ripisylves_gardon"
769,769,"44.0241 4.3684","ripisylves_gardon"
770,770,"44.0280 4.3467","ripisylves_gardon"
771,771,"44.0285 4.3469","ripisylves_gardon"
772,772,"44.0246 4.3638","ripisylves_gardon"
773,773,"44.0242 4.3650","ripisylves_gardon"
774,774,"44.0256 4.3664","ripisylves_gardon"
775,775,"44.0252 4.3676","ripisylves_gardon"
776,776,"44.0297 4.3642","ripisylves_gardon"
777,777,"44.0294 4.3664","ripisylves_gardon"
778,778,"44.0294 4.3657","ripisylves_gardon"
779,779,"44.0323 4.3692","ripisylves_gardon"
780,780,"44.0275 4.3639","ripisylves_gardon"
781,781,"44.0288 4.3545","ripisylves_gardon"
782,782,"44.0318 4.3533","ripisylves_gardon"
783,783,"44.0355 4.3567","ripisylves_gardon"
784,784,"44.0363 4.3600","ripisylves_gardon"
785,785,"44.0358 4.3609","ripisylves_gardon"
786,786,"44.0376 4.3582","ripisylves_gardon"
787,787,"44.0394 4.3575","ripisylves_gardon"
788,788,"44.0418 4.3630","ripisylves_gardon"
789,789,"44.0416 4.3643","ripisylves_gardon"
790,790,"44.0429 4.3649","ripisylves_gardon"
791,791,"44.0437 4.3659","ripisylves_gardon"
792,792,"44.0381 4.3562","ripisylves_gardon"
793,793,"44.0395 4.3521","ripisylves_gardon"
794,794,"44.0418 4.3527","ripisylves_gardon"
795,795,"44.0368 4.3518","ripisylves_gardon"
796,796,"44.0307 4.3511","ripisylves_gardon"
797,797,"44.0372 4.3530","ripisylves_gardon"
798,798,"44.0315 4.3713","ripisylves_gardon"
799,799,"44.0336 4.3529","ripisylves_gardon"
800,800,"44.0349 4.3521","ripisylves_gardon"
801,801,"44.0345 4.3518","ripisylves_gardon"
802,802,"44.0336 4.3483","ripisylves_gardon"
803,803,"44.0358 4.3560","ripisylves_gardon"
804,804,"44.0411 4.3552","ripisylves_gardon"
805,805,"44.0347 4.3479","ripisylves_gardon"
806,806,"44.0421 4.3519","ripisylves_gardon"
807,807,"44.0341 4.3550","ripisylves_gardon"
808,808,"44.0405 4.3556","ripisylves_gardon"
809,809,"44.0400 4.3562","ripisylves_gardon"
810,810,"44.0423 4.3507","ripisylves_gardon"
811,811,"44.0388 4.3547","ripisylves_gardon"
812,812,"44.0366 4.3551","ripisylves_gardon"
813,813,"44.0469 4.3588","ripisylves_gardon"
814,814,"44.0147 4.3864","ripisylves_gardon"
815,815,"43.9984 4.3860","ripisylves_gardon"
816,816,"43.9999 4.3872","ripisylves_gardon"
817,817,"44.0026 4.3939","ripisylves_gardon"
818,818,"44.0028 4.3902","ripisylves_gardon"
819,819,"44.0022 4.3905","ripisylves_gardon"
820,820,"44.0032 4.3903","ripisylves_gardon"
821,821,"44.0043 4.3887","ripisylves_gardon"
822,822,"44.0048 4.3878","ripisylves_gardon"
823,823,"44.0053 4.3886","ripisylves_gardon"
824,824,"44.0050 4.3884","ripisylves_gardon"
825,825,"43.9955 4.3790","ripisylves_gardon"
826,826,"43.9947 4.3804","ripisylves_gardon"
827,827,"43.9966 4.3822","ripisylves_gardon"
828,828,"43.9959 4.3825","ripisylves_gardon"
829,829,"43.9961 4.3835","ripisylves_gardon"
830,830,"44.0015 4.3915","ripisylves_gardon"
831,831,"44.0011 4.3855","ripisylves_gardon"
832,832,"44.0041 4.3834","ripisylves_gardon"
833,833,"44.0078 4.3814","ripisylves_gardon"
834,834,"44.0061 4.3829","ripisylves_gardon"
835,835,"44.0064 4.3825","ripisylves_gardon"
836,836,"44.0076 4.3795","ripisylves_gardon"
837,837,"44.0069 4.3785","ripisylves_gardon"
838,838,"44.0090 4.3781","ripisylves_gardon"
839,839,"44.0098 4.3940","ripisylves_gardon"
840,840,"44.0019 4.3953","ripisylves_gardon"
841,841,"44.0025 4.3952","ripisylves_gardon"
842,842,"44.0034 4.3963","ripisylves_gardon"
843,843,"44.0037 4.3966","ripisylves_gardon"
844,844,"44.0074 4.3967","ripisylves_gardon"
845,845,"44.0010 4.3984","ripisylves_gardon"
846,846,"44.0039 4.3971","ripisylves_gardon"
847,847,"44.0042 4.3975","ripisylves_gardon"
848,848,"44.0042 4.3969","ripisylves_gardon"
849,849,"43.9992 4.3978","ripisylves_gardon"
850,850,"43.9991 4.3991","ripisylves_gardon"
851,851,"44.0005 4.3795","ripisylves_gardon"
852,852,"44.0009 4.3800","ripisylves_gardon"
853,853,"43.9066 4.5869","ripisylves_gardon"
854,854,"43.9042 4.5881","ripisylves_gardon"
855,855,"43.9042 4.5883","ripisylves_gardon"
856,856,"43.9015 4.5856","ripisylves_gardon"
857,857,"43.9024 4.5874","ripisylves_gardon"
858,858,"43.8992 4.5882","ripisylves_gardon"
859,859,"43.8977 4.5892","ripisylves_gardon"
860,860,"43.8950 4.5922","ripisylves_gardon"
861,861,"43.8965 4.5906","ripisylves_gardon"
862,862,"43.8932 4.5956","ripisylves_gardon"
863,863,"43.8935 4.5933","ripisylves_gardon"
864,864,"43.8938 4.5944","ripisylves_gardon"
865,865,"43.8810 4.5924","ripisylves_gardon"
866,866,"43.8838 4.5897","ripisylves_gardon"
867,867,"43.8977 4.5854","ripisylves_gardon"
868,868,"43.8917 4.5909","ripisylves_gardon"
869,869,"43.8968 4.5857","ripisylves_gardon"
870,870,"43.8956 4.5869","ripisylves_gardon"
871,871,"43.8941 4.5889","ripisylves_gardon"
872,872,"43.8930 4.5897","ripisylves_gardon"
873,873,"43.8881 4.5904","ripisylves_gardon"
874,874,"43.8942 4.5882","ripisylves_gardon"
875,875,"43.8947 4.5875","ripisylves_gardon"
876,876,"43.8936 4.5885","ripisylves_gardon"
877,877,"43.8929 4.5895","ripisylves_gardon"
878,878,"43.8941 4.5876","ripisylves_gardon"
879,879,"43.8820 4.5871","ripisylves_gardon"
880,880,"43.8755 4.5871","ripisylves_gardon"
881,881,"43.8718 4.5882","ripisylves_gardon"
882,882,"43.8704 4.5886","ripisylves_gardon"
883,883,"43.8705 4.5889","ripisylves_gardon"
884,884,"43.8698 4.5893","ripisylves_gardon"
885,885,"43.8752 4.5905","ripisylves_gardon"
886,886,"43.8641 4.5916","ripisylves_gardon"
887,887,"43.8631 4.5930","ripisylves_gardon"
888,888,"43.8638 4.5921","ripisylves_gardon"
889,889,"43.8637 4.5923","ripisylves_gardon"
890,890,"43.8696 4.5905","ripisylves_gardon"
891,891,"43.8639 4.5948","ripisylves_gardon"
892,892,"43.8683 4.5927","ripisylves_gardon"
893,893,"43.8745 4.5906","ripisylves_gardon"
894,894,"43.8751 4.5910","ripisylves_gardon"
895,895,"43.8625 4.5986","ripisylves_gardon"
896,896,"43.8622 4.5966","ripisylves_gardon"
897,897,"43.8644 4.5969","ripisylves_gardon"
898,898,"43.8624 4.5936","ripisylves_gardon"
899,899,"43.8600 4.6088","ripisylves_gardon"
900,900,"43.8639 4.6055","ripisylves_gardon"
901,901,"43.8626 4.6045","ripisylves_gardon"
902,902,"43.8595 4.5920","ripisylves_gardon"
903,903,"43.8562 4.5986","ripisylves_gardon"
904,904,"43.8560 4.5977","ripisylves_gardon"
905,905,"43.8517 4.6127","ripisylves_gardon"
906,906,"43.8650 4.6065","ripisylves_gardon"
907,907,"43.8651 4.6094","ripisylves_gardon"
908,908,"43.8539 4.6111","ripisylves_gardon"
909,909,"43.8545 4.5982","ripisylves_gardon"
910,910,"43.8527 4.5991","ripisylves_gardon"
911,911,"43.8530 4.5989","ripisylves_gardon"
912,912,"43.8522 4.5990","ripisylves_gardon"
913,913,"43.8539 4.6073","ripisylves_gardon"
914,914,"43.8536 4.6094","ripisylves_gardon"
915,915,"43.8503 4.6119","ripisylves_gardon"
916,916,"43.8466 4.6118","ripisylves_gardon"
917,917,"43.8475 4.6136","ripisylves_gardon"
918,918,"43.8471 4.6134","ripisylves_gardon"
919,919,"43.8482 4.6136","ripisylves_gardon"
920,920,"43.8458 4.6125","ripisylves_gardon"
921,921,"43.8494 4.6136","ripisylves_gardon"
922,922,"43.8477 4.6113","ripisylves_gardon"
923,923,"43.8512 4.6133","ripisylves_gardon"
924,924,"43.8482 4.6144","ripisylves_gardon"
925,925,"43.8486 4.6152","ripisylves_gardon"
926,926,"43.8506 4.6139","ripisylves_gardon"
927,927,"43.8490 4.6116","ripisylves_gardon"
928,928,"43.8468 4.6097","ripisylves_gardon"
929,929,"43.8578 4.6082","ripisylves_gardon"
930,930,"43.8964 4.5941","ripisylves_gardon"
931,931,"43.8979 4.5945","ripisylves_gardon"
932,932,"43.8987 4.5942","ripisylves_gardon"
933,933,"43.8996 4.5947","ripisylves_gardon"
934,934,"43.8999 4.5916","ripisylves_gardon"
935,935,"43.9023 4.5894","ripisylves_gardon"
936,936,"43.9000 4.5975","ripisylves_gardon"
937,937,"43.8997 4.5975","ripisylves_gardon"
938,938,"43.8998 4.5952","ripisylves_gardon"
939,939,"43.8936 4.5954","ripisylves_gardon"
940,940,"43.9011 4.5979","ripisylves_gardon"
941,941,"43.9068 4.5945","ripisylves_gardon"
942,942,"43.9072 4.5972","ripisylves_gardon"
943,943,"43.9091 4.5953","ripisylves_gardon"
944,944,"43.9112 4.5935","ripisylves_gardon"
945,945,"43.9106 4.5934","ripisylves_gardon"
946,946,"43.9108 4.5983","ripisylves_gardon"
947,947,"43.9043 4.5942","ripisylves_gardon"
948,948,"43.9243 4.5901","ripisylves_gardon"
949,949,"43.9309 4.5864","ripisylves_gardon"
950,950,"43.9315 4.5856","ripisylves_gardon"
951,951,"43.9328 4.5838","ripisylves_gardon"
952,952,"43.8916 4.5840","ripisylves_gardon"
953,953,"43.8896 4.5916","ripisylves_gardon"
954,954,"43.8919 4.5898","ripisylves_gardon"
955,955,"43.8906 4.5828","ripisylves_gardon"
956,956,"43.8897 4.5836","ripisylves_gardon"
957,957,"43.8892 4.5846","ripisylves_gardon"
958,958,"43.8890 4.5850","ripisylves_gardon"
959,959,"43.9012 4.5756","ripisylves_gardon"
960,960,"43.9019 4.5758","ripisylves_gardon"
961,961,"43.9037 4.5780","ripisylves_gardon"
962,962,"43.9127 4.5742","ripisylves_gardon"
963,963,"43.9136 4.5849","ripisylves_gardon"
964,964,"43.8995 4.5757","ripisylves_gardon"
965,965,"43.8920 4.5932","ripisylves_gardon"
966,966,"43.8957 4.5838","ripisylves_gardon"
967,967,"43.8956 4.5789","ripisylves_gardon"
968,968,"43.8955 4.5766","ripisylves_gardon"
969,969,"43.8822 4.5891","ripisylves_gardon"
970,970,"44.0318 4.1429","ripisylves_gardon"
971,971,"44.0320 4.1418","ripisylves_gardon"
972,972,"44.0313 4.1425","ripisylves_gardon"
973,973,"44.0364 4.1396","ripisylves_gardon"
974,974,"44.0360 4.1425","ripisylves_gardon"
975,975,"44.0369 4.1420","ripisylves_gardon"
976,976,"44.0361 4.1433","ripisylves_gardon"
977,977,"44.0223 4.1245","ripisylves_gardon"
978,978,"44.0205 4.1209","ripisylves_gardon"
979,979,"44.0200 4.1227","ripisylves_gardon"
980,980,"44.0257 4.1249","ripisylves_gardon"
981,981,"44.0242 4.1206","ripisylves_gardon"
982,982,"44.0268 4.1081","ripisylves_gardon"
983,983,"44.0259 4.1177","ripisylves_gardon"
984,984,"44.0231 4.1191","ripisylves_gardon"
985,985,"44.0108 4.1845","ripisylves_gardon"
986,986,"44.0117 4.1969","ripisylves_gardon"
987,987,"44.0096 4.1963","ripisylves_gardon"
988,988,"44.0130 4.1948","ripisylves_gardon"
989,989,"44.0134 4.1951","ripisylves_gardon"
990,990,"44.0126 4.1955","ripisylves_gardon"
991,991,"44.0184 4.1938","ripisylves_gardon"
992,992,"44.0114 4.1648","ripisylves_gardon"
993,993,"44.0120 4.1631","ripisylves_gardon"
994,994,"44.0120 4.1641","ripisylves_gardon"
995,995,"44.0143 4.1546","ripisylves_gardon"
996,996,"44.0134 4.1527","ripisylves_gardon"
997,997,"44.0133 4.1536","ripisylves_gardon"
998,998,"44.0137 4.1497","ripisylves_gardon"
999,999,"44.0146 4.1469","ripisylves_gardon"
1000,1000,"44.0165 4.1420","ripisylves_gardon"
1001,1001,"44.0138 4.1495","ripisylves_gardon"
1002,1002,"44.0125 4.1443","ripisylves_gardon"
1003,1003,"44.0321 4.1479","ripisylves_gardon"
1004,1004,"44.0303 4.1501","ripisylves_gardon"
1005,1005,"44.0282 4.1509","ripisylves_gardon"
1006,1006,"44.0269 4.1513","ripisylves_gardon"
1007,1007,"44.0259 4.1509","ripisylves_gardon"
1008,1008,"44.0016 4.1835","ripisylves_gardon"
1009,1009,"44.0349 4.1637","ripisylves_gardon"
1010,1010,"44.0333 4.1641","ripisylves_gardon"
1011,1011,"44.0342 4.1677","ripisylves_gardon"
1012,1012,"43.9964 4.2123","ripisylves_gardon"
1013,1013,"44.0073 4.1897","ripisylves_gardon"
1014,1014,"44.0056 4.1905","ripisylves_gardon"
1015,1015,"44.0019 4.1914","ripisylves_gardon"
1016,1016,"44.0042 4.1864","ripisylves_gardon"
1017,1017,"44.0055 4.1868","ripisylves_gardon"
1018,1018,"44.0053 4.1949","ripisylves_gardon"
1019,1019,"44.0053 4.1959","ripisylves_gardon"
1020,1020,"44.0346 4.3631","ripisylves_gardon"
1021,1021,"44.0337 4.3690","ripisylves_gardon"
1022,1022,"44.0343 4.3631","ripisylves_gardon"
1023,1023,"44.0329 4.3697","ripisylves_gardon"
1024,1024,"44.0369 4.3569","ripisylves_gardon"
1025,1025,"44.0390 4.3565","ripisylves_gardon"
1026,1026,"44.0405 4.3721","ripisylves_gardon"
1027,1027,"44.0399 4.3726","ripisylves_gardon"
1028,1028,"44.0389 4.3712","ripisylves_gardon"
1029,1029,"44.0382 4.3728","ripisylves_gardon"
1030,1030,"44.0365 4.3743","ripisylves_gardon"
1031,1031,"44.0369 4.3691","ripisylves_gardon"
1032,1032,"43.8662 4.5994","ripisylves_gardon"
1033,1033,"43.8638 4.5986","ripisylves_gardon"
1034,1034,"43.8634 4.5995","ripisylves_gardon"
1035,1035,"43.8633 4.5975","ripisylves_gardon"
1036,1036,"43.8557 4.6088","ripisylves_gardon"
1037,1037,"43.8557 4.6153","ripisylves_gardon"
1038,1038,"44.0234 4.1223","ripisylves_gardon"
1039,1039,"44.0144 4.1478","ripisylves_gardon"
1040,1040,"44.0148 4.1493","ripisylves_gardon"
1041,1041,"44.0164 4.1524","ripisylves_gardon"
1042,1042,"44.0266 4.1480","ripisylves_gardon"
1043,1043,"44.0258 4.1476","ripisylves_gardon"
1044,1044,"44.0240 4.1489","ripisylves_gardon"
1045,1045,"44.0236 4.1507","ripisylves_gardon"
1046,1046,"44.0231 4.1500","ripisylves_gardon"
1047,1047,"44.0192 4.1682","ripisylves_gardon"
1048,1048,"44.0187 4.1658","ripisylves_gardon"
1049,1049,"44.0201 4.1692","ripisylves_gardon"
1050,1050,"44.0161 4.1807","ripisylves_gardon"
1051,1051,"44.0159 4.1805","ripisylves_gardon"
1052,1052,"44.0126 4.1902","ripisylves_gardon"
1053,1053,"44.0141 4.1941","ripisylves_gardon"
1054,1054,"44.0126 4.1896","ripisylves_gardon"
1055,1055,"44.0161 4.1956","ripisylves_gardon"
1056,1056,"44.0181 4.2000","ripisylves_gardon"
1057,1057,"44.0188 4.2021","ripisylves_gardon"
1058,1058,"44.0247 4.1974","ripisylves_gardon"
1059,1059,"44.0303 4.1935","ripisylves_gardon"
1060,1060,"44.0291 4.1939","ripisylves_gardon"
1061,1061,"44.0342 4.1876","ripisylves_gardon"
1062,1062,"44.0387 4.1851","ripisylves_gardon"
1063,1063,"43.8424 4.6183","ripisylves_gardon"
1064,1064,"43.8451 4.6117","ripisylves_gardon"
1065,1065,"43.8605 4.6032","ripisylves_gardon"
1066,1066,"43.8810 4.5772","ripisylves_gardon"
1067,1067,"43.8811 4.5845","ripisylves_gardon"
1068,1068,"43.8823 4.5834","ripisylves_gardon"
1069,1069,"43.8899 4.5803","ripisylves_gardon"
1070,1070,"43.8900 4.5811","ripisylves_gardon"
1071,1071,"43.8987 4.5852","ripisylves_gardon"
1072,1072,"43.9056 4.5829","ripisylves_gardon"
1073,1073,"43.9003 4.5843","ripisylves_gardon"
1074,1074,"43.8987 4.5868","ripisylves_gardon"
1075,1075,"43.9031 4.5874","ripisylves_gardon"
1076,1076,"43.9040 4.5854","ripisylves_gardon"
1077,1077,"43.9056 4.5888","ripisylves_gardon"
1078,1078,"44.0233 4.1708","ripisylves_gardon"
1079,1079,"44.0244 4.1647","ripisylves_gardon"
1080,1080,"44.0211 4.1597","ripisylves_gardon"
1081,1081,"44.0214 4.1524","ripisylves_gardon"
1082,1082,"44.0190 4.1406","ripisylves_gardon"
1083,1083,"44.0175 4.1422","ripisylves_gardon"
1084,1084,"44.0237 4.1447","ripisylves_gardon"
1085,1085,"44.0269 4.1458","ripisylves_gardon"
1086,1086,"44.0368 4.1135","ripisylves_gardon"
1087,1087,"44.0318 4.1378","ripisylves_gardon"
1088,1088,"44.0489 4.1526","ripisylves_gardon"
1089,1089,"44.0384 4.1544","ripisylves_gardon"
1090,1090,"44.0379 4.1533","ripisylves_gardon"
1091,1091,"44.0434 4.1543","ripisylves_gardon"
1092,1092,"44.0211 4.2158","ripisylves_gardon"
1093,1093,"44.0213 4.2196","ripisylves_gardon"
1094,1094,"44.0192 4.2079","ripisylves_gardon"
1095,1095,"43.9409 4.2986","ripisylves_gardon"
1096,1096,"43.9398 4.3022","ripisylves_gardon"
1097,1097,"43.9240 4.5857","ripisylves_gardon"
1098,1098,"43.9219 4.5821","ripisylves_gardon"
1099,1099,"43.9225 4.5817","ripisylves_gardon"
1100,1100,"43.9093 4.5718","ripisylves_gardon"
1101,1101,"43.9073 4.5696","ripisylves_gardon"
1102,1102,"43.9070 4.5835","ripisylves_gardon"
1103,1103,"43.8972 4.5807","ripisylves_gardon"
1104,1104,"43.9014 4.5860","ripisylves_gardon"
1105,1105,"43.9016 4.5868","ripisylves_gardon"
1106,1106,"43.9030 4.5858","ripisylves_gardon"
1107,1107,"43.8849 4.5924","ripisylves_gardon"
1108,1108,"43.8847 4.5927","ripisylves_gardon"
1109,1109,"43.8832 4.5892","ripisylves_gardon"
1110,1110,"43.8827 4.5889","ripisylves_gardon"
1111,1111,"43.8820 4.5886","ripisylves_gardon"
1112,1112,"43.8723 4.5893","ripisylves_gardon"
1113,1113,"43.8709 4.5903","ripisylves_gardon"
1114,1114,"43.8719 4.5902","ripisylves_gardon"
1115,1115,"43.8715 4.5901","ripisylves_gardon"
1116,1116,"43.8752 4.5898","ripisylves_gardon"
1117,1117,"43.8697 4.5911","ripisylves_gardon"
1118,1118,"43.8689 4.5918","ripisylves_gardon"
1119,1119,"43.8658 4.5942","ripisylves_gardon"
1120,1120,"43.8805 4.5863","ripisylves_gardon"
1121,1121,"43.8814 4.5877","ripisylves_gardon"
1122,1122,"43.8663 4.5891","ripisylves_gardon"
1123,1123,"43.8667 4.5904","ripisylves_gardon"
1124,1124,"43.8607 4.5939","ripisylves_gardon"
1125,1125,"43.8616 4.5947","ripisylves_gardon"
1126,1126,"43.8592 4.5974","ripisylves_gardon"
1127,1127,"43.8588 4.5988","ripisylves_gardon"
1128,1128,"43.8599 4.5995","ripisylves_gardon"
1129,1129,"43.8601 4.5997","ripisylves_gardon"
1130,1130,"43.8611 4.5999","ripisylves_gardon"
1131,1131,"43.8602 4.5987","ripisylves_gardon"
1132,1132,"43.8609 4.6019","ripisylves_gardon"
1133,1133,"43.8585 4.6010","ripisylves_gardon"
1134,1134,"43.8564 4.6008","ripisylves_gardon"
1135,1135,"43.8580 4.5957","ripisylves_gardon"
1136,1136,"43.8551 4.5979","ripisylves_gardon"
1137,1137,"43.8536 4.5981","ripisylves_gardon"
1138,1138,"43.8536 4.6043","ripisylves_gardon"
1139,1139,"43.8547 4.6053","ripisylves_gardon"
1140,1140,"43.8568 4.6090","ripisylves_gardon"
1141,1141,"43.8580 4.6111","ripisylves_gardon"
1142,1142,"43.8561 4.6071","ripisylves_gardon"
1143,1143,"43.8566 4.6125","ripisylves_gardon"
1144,1144,"43.8566 4.6138","ripisylves_gardon"
1145,1145,"43.8422 4.6178","ripisylves_gardon"
1146,1146,"44.0193 4.3812","ripisylves_gardon"
1147,1147,"44.0195 4.3618","ripisylves_gardon"
1148,1148,"44.0245 4.3607","ripisylves_gardon"
1149,1149,"44.0255 4.3687","ripisylves_gardon"
1150,1150,"44.0210 4.3717","ripisylves_gardon"
1151,1151,"44.0299 4.3600","ripisylves_gardon"
1152,1152,"44.0197 4.3741","ripisylves_gardon"
1153,1153,"44.0201 4.3599","ripisylves_gardon"
1154,1154,"44.0028 4.3829","ripisylves_gardon"
1155,1155,"43.9969 4.3805","ripisylves_gardon"
1156,1156,"43.9909 4.4038","ripisylves_gardon"
1157,1157,"43.9910 4.4031","ripisylves_gardon"
1158,1158,"43.9991 4.3915","ripisylves_gardon"
1159,1159,"43.9918 4.4042","ripisylves_gardon"
1160,1160,"43.9790 4.4508","ripisylves_gardon"
1161,1161,"43.8598 4.6015","ripisylves_gardon"
1162,1162,"43.8921 4.5907","ripisylves_gardon"
1163,1163,"44.0088 4.3768","ripisylves_gardon"
1164,1164,"44.0067 4.3837","ripisylves_gardon"
1165,1165,"43.9846 4.2059","ripisylves_gardon"
1166,1166,"43.9873 4.2119","ripisylves_gardon"
1167,1167,"43.9859 4.2129","ripisylves_gardon"
1168,1168,"43.9853 4.2132","ripisylves_gardon"
1169,1169,"43.9855 4.2140","ripisylves_gardon"
1170,1170,"43.9973 4.1922","ripisylves_gardon"
1171,1171,"43.9967 4.1922","ripisylves_gardon"
1172,1172,"43.9907 4.1968","ripisylves_gardon"
1173,1173,"43.9913 4.1960","ripisylves_gardon"
1174,1174,"43.9920 4.1936","ripisylves_gardon"
1175,1175,"43.9928 4.1950","ripisylves_gardon"
1176,1176,"43.9915 4.2017","ripisylves_gardon"
1177,1177,"43.9927 4.1980","ripisylves_gardon"
1178,1178,"43.9944 4.1922","ripisylves_gardon"
1179,1179,"43.9936 4.1925","ripisylves_gardon"
1180,1180,"43.9951 4.1915","ripisylves_gardon"
1181,1181,"43.9953 4.1902","ripisylves_gardon"
1182,1182,"43.9880 4.1933","ripisylves_gardon"
1183,1183,"43.9900 4.2010","ripisylves_gardon"
1184,1184,"43.9961 4.1929","ripisylves_gardon"
1185,1185,"43.9912 4.2094","ripisylves_gardon"
1186,1186,"43.9920 4.2097","ripisylves_gardon"
1187,1187,"43.9912 4.2078","ripisylves_gardon"
1188,1188,"43.9905 4.2043","ripisylves_gardon"
1189,1189,"43.9940 4.1944","ripisylves_gardon"
1190,1190,"43.9945 4.1942","ripisylves_gardon"
1191,1191,"43.9941 4.1954","ripisylves_gardon"
1192,1192,"43.9940 4.1962","ripisylves_gardon"
1193,1193,"43.9945 4.1964","ripisylves_gardon"
1194,1194,"43.9399 4.2927","ripisylves_gardon"
1195,1195,"43.9926 4.2104","ripisylves_gardon"
1196,1196,"43.9845 4.2085","ripisylves_gardon"
1197,1197,"43.9851 4.2077","ripisylves_gardon"
1198,1198,"43.9855 4.2045","ripisylves_gardon"
1199,1199,"43.9847 4.2066","ripisylves_gardon"
1200,1200,"43.9821 4.2108","ripisylves_gardon"
1201,1201,"43.9832 4.2089","ripisylves_gardon"
1202,1202,"43.9857 4.1979","ripisylves_gardon"
1203,1203,"43.9838 4.2058","ripisylves_gardon"
1204,1204,"43.9840 4.2063","ripisylves_gardon"
1205,1205,"43.9837 4.2065","ripisylves_gardon"
1206,1206,"43.9875 4.2027","ripisylves_gardon"
1207,1207,"44.0224 4.1162","ripisylves_gardon"
1208,1208,"43.9372 4.3061","ripisylves_gardon"
1209,1209,"43.9384 4.3029","ripisylves_gardon"
1210,1210,"43.9387 4.3008","ripisylves_gardon"
1211,1211,"43.9405 4.3029","ripisylves_gardon"
1212,1212,"43.9418 4.2989","ripisylves_gardon"
1213,1213,"43.9412 4.2978","ripisylves_gardon"
1214,1214,"43.9405 4.2976","ripisylves_gardon"
1215,1215,"43.9382 4.2963","ripisylves_gardon"
1216,1216,"43.9393 4.2954","ripisylves_gardon"
1217,1217,"43.9381 4.2951","ripisylves_gardon"
1218,1218,"43.9396 4.2927","ripisylves_gardon"
1219,1219,"43.9399 4.2917","ripisylves_gardon"
1220,1220,"43.9394 4.2921","ripisylves_gardon"
1221,1221,"43.9498 4.2782","ripisylves_gardon"
1222,1222,"43.9378 4.2988","ripisylves_gardon"
1223,1223,"43.9380 4.2972","ripisylves_gardon"
1224,1224,"43.9393 4.2971","ripisylves_gardon"
1225,1225,"43.9411 4.2879","ripisylves_gardon"
1226,1226,"43.9444 4.2794","ripisylves_gardon"
1227,1227,"44.0454 4.3623","ripisylves_gardon"
1228,1228,"43.9358 4.5618","ripisylves_gardon"
1229,1229,"43.9349 4.3030","ripisylves_gardon"
1230,1230,"43.9362 4.3024","ripisylves_gardon"
1231,1231,"43.9364 4.3026","ripisylves_gardon"
1232,1232,"43.9368 4.3004","ripisylves_gardon"
1233,1233,"43.9361 4.3000","ripisylves_gardon"
1234,1234,"43.9358 4.3010","ripisylves_gardon"
1235,1235,"43.9360 4.3004","ripisylves_gardon"
1236,1236,"43.9359 4.2994","ripisylves_gardon"
1237,1237,"43.9365 4.2989","ripisylves_gardon"
1238,1238,"43.9358 4.2984","ripisylves_gardon"
1239,1239,"43.9378 4.2943","ripisylves_gardon"
1240,1240,"43.9357 4.2979","ripisylves_gardon"
1241,1241,"43.9375 4.2972","ripisylves_gardon"
1242,1242,"43.9376 4.2962","ripisylves_gardon"
1243,1243,"43.9373 4.2955","ripisylves_gardon"
1244,1244,"43.9366 4.2964","ripisylves_gardon"
1245,1245,"43.9362 4.2951","ripisylves_gardon"
1246,1246,"43.9366 4.2971","ripisylves_gardon"
1247,1247,"43.9370 4.2978","ripisylves_gardon"
1248,1248,"43.9364 4.2984","ripisylves_gardon"
1249,1249,"43.9862 4.2112","ripisylves_gardon"
1250,1250,"43.9867 4.2108","ripisylves_gardon"
1251,1251,"43.9801 4.2176","ripisylves_gardon"
1252,1252,"44.0140 4.3761","ripisylves_gardon"
1253,1253,"43.9343 4.3036","ripisylves_gardon"
1254,1254,"43.9340 4.3032","ripisylves_gardon"
1255,1255,"43.9343 4.3020","ripisylves_gardon"
1256,1256,"43.9346 4.3025","ripisylves_gardon"
1257,1257,"43.9345 4.3016","ripisylves_gardon"
1258,1258,"44.0285 4.1300","ripisylves_gardon"
1259,1259,"44.0279 4.1322","ripisylves_gardon"
1260,1260,"43.9859 4.2034","ripisylves_gardon"
1261,1261,"44.0383 4.3490","ripisylves_gardon"
1262,1262,"44.0373 4.3498","ripisylves_gardon"
1263,1263,"44.0084 4.1963","ripisylves_gardon"
1264,1264,"43.9980 4.2113","ripisylves_gardon"
1265,1265,"43.9119 4.5908","ripisylves_gardon"
1266,1266,"43.9860 4.2088","ripisylves_gardon"
1267,1267,"43.9301 4.5637","ripisylves_gardon"
1268,1268,"43.9880 4.2041","ripisylves_gardon"
1269,1269,"43.9856 4.2048","ripisylves_gardon"
1270,1270,"43.9858 4.2133","ripisylves_gardon"
1271,1271,"44.0240 4.3685","ripisylves_gardon"
1272,1272,"44.0310 4.1324","ripisylves_gardon"
1273,1273,"44.0315 4.1370","ripisylves_gardon"
1274,1274,"44.0298 4.1362","ripisylves_gardon"
1275,1275,"44.0300 4.1348","ripisylves_gardon"
1276,1276,"44.0242 4.1344","ripisylves_gardon"
1277,1277,"44.0244 4.1333","ripisylves_gardon"
1278,1278,"44.0250 4.1279","ripisylves_gardon"
1279,1279,"44.0246 4.1367","ripisylves_gardon"
1280,1280,"43.8485 4.6177","ripisylves_gardon"
1281,1281,"43.8520 4.6170","ripisylves_gardon"
1282,1282,"44.0141 4.1553","ripisylves_gardon"
1283,1283,"44.0133 4.1548","ripisylves_gardon"
